NAME,WEBSITE,REGION
Algorand,algorand.com,Worldwide
Algorithmia,algorithmia.com,Worldwide
ALICE,alice.tech,Worldwide
Alight Solutions,alight.com,Worldwide
Alley,alley.co,Worldwide
allyDVM,allydvm.com,Worldwide
AlphaSights,alphasights.com,Worldwide
Amazon,amazon.jobs,Worldwide
Ambaum,ambaum.com,Worldwide
Andela,andela.com,Worldwide
Animalz,animalz.co,Worldwide
Annertech,annertech.com,Worldwide
Anomali,anomali.com,Worldwide
apartment therapy,apartmenttherapy.com,Worldwide
Appinio,appinio.com,Europe (Remote)
Applaudo,applaudo.com,Latin America (Remote)
Appstractor Corporation,appstractor.com,Worldwide
Appwrite,appwrite.io,Worldwide
argyle,argyle.com,Worldwide
ARK,ark.io,Worldwide
Arkency,arkency.com,Europe (Remote)
Art & Logic,artandlogic.com,Worldwide
Artefactual Systems,artefactual.com,Worldwide
Articulate,articulate.com,Worldwide
Astronomer,astronomer.io,Worldwide
Atlassian,atlassian.com,Worldwide
Audiense,audiense.com,Worldwide
Aula Education,aula.education,Worldwide
Auth0,auth0.com,Worldwide
1Oup,1oup.com,Worldwide
15Five,15five.com,Worldwide
17hats,17hats.com,Worldwide
18F,18f.gsa.gov,USA (Remote Friendly)
1Password,1password.com,Worldwide
42 Technologies,42technologies.com,Worldwide
abiturma,abiturma.de,Europe (Remote)
Ably,ably.io,Worldwide
Abstract API,abstractapi.com,Worldwide
acct,acct.co,Worldwide
Acivilitate,acivilitate.com,Worldwide
Acquia,acquia.com,Worldwide
ActiveCampaign,activecampaign.com,Worldwide
Ad Hoc,adhoc.team,Worldwide
Adaface,adaface.com,Worldwide
AddStructure,addstructure.com,Worldwide
Adevanta,adevanta.com,Worldwide
Adzuna,adzuna.com,UK / Europe
AE Studio,aestudio.co,Worldwide
Aerolab,aerolab.co,Latin America (Remote)
Aerostrat,aerostrat.com,Worldwide
AgFlow,agflow.com,Worldwide
Aha!,aha.io,Worldwide
Aim India,aimindia.com,India (Remote Friendly)
Airbank,airbank.com,Worldwide
Airbyte,airbyte.com,Worldwide
AirGarage,airgarage.com,Worldwide
Air Treks,airtreks.com,Worldwide
Aivitex,aivitex.com,Worldwide
Alami,alami.com,Asia (Remote)
Alan,alan.com,Europe (Remote)
Automatic,automatic.com,Worldwide
Axelerant,axelerant.com,Worldwide
Axios,axios.com,USA (Remote Friendly)
Bairesdev,bairesdev.com,Latin America (Remote)
Balena,balena.io,Worldwide
Balsamiq,balsamiq.com,Worldwide
Bandcamp,bandcamp.com,Worldwide
BandLab,bandlab.com,Worldwide
Bandzoogle,bandzoogle.com,Worldwide
Baremetrics,baremetrics.com,Worldwide
Basecamp,basecamp.com,Worldwide
Bear Group,beargroup.com,Worldwide
BeBanjo,bebanjo.com,Worldwide
BeenVerified,beenverified.com,USA (Remote Friendly)
Best Practical Solutions,bestpractical.com,Worldwide
Betable,betable.com,Worldwide
BetaPeak,betapeak.com,Worldwide
BetterUp,betterup.com,Worldwide
Beyond Company,beyondco.com,Worldwide
BeyondPricing,beyondpricing.com,Worldwide
Big Cartel,bigcartel.com,Worldwide
Bill,bill.com,USA (Remote Friendly)
Bit Zesty,bitzesty.com,Worldwide
Bitnami,bitnami.com,Worldwide
Bitovi,bitovi.com,Worldwide
Bizink,bizink.com,Worldwide
Blameless,blameless.com,Worldwide
Bloc,bloc.io,Worldwide
BlueCat Networks,bluecatnetworks.com,Worldwide
Bluespark,bluespark.com,Europe (Remote)
Boldare,boldare.com,Europe (Remote)
ChatGen,https://chatgen.ai/,"India, USA"
Checkly,https://www.checklyhq.com,Europe (CET -3 / CET +3)
Chef,https://www.chef.io/,"USA, UK"
ChefsClub,https://www.chefsclub.com.br/,Brazil
Chess,https://www.chess.com/jobs/,Worldwide
Chroma,https://chroma.com/,Worldwide
CircleCI,https://circleci.com/,Worldwide
Circonus,https://circonus.com/,USA
CivicActions,https://civicactions.com/,Worldwide
Civo,https://www.civo.com,Worldwide
Clevertech,https://clevertech.biz/,Worldwide
ClickUp,https://clickup.com/,Worldwide
Cloutrack,https://www.cloutrack.com/,India
Close,https://close.com,Worldwide
CloudApp,https://getcloudapp.com,North America
Coalition Technologies,https://coalitiontechnologies.com/,Worldwide
Code Like a Girl,https://codelikeagirl.com,Australia
Code IT,https://www.codeait.com,Worldwide
CodePen,https://codepen.io,Worldwide
CodeSandbox,https://codesandbox.io,Worldwide
Codeship,https://codeship.com/,Worldwide
Codestunts,https://codestunts.com/,Worldwide
Cofense,https://cofense.com,USA
Coinbase,https://www.coinbase.com,Worldwide
Coingape,https://coingape.com/,India
Collabora,https://www.collabora.com/,Worldwide
Comet,https://www.comet.co/,France
Compose,https://www.compose.io/,Worldwide
Compucorp,https://www.compucorp.co.uk,Worldwide
Connexa,https://www.connexa.com/,Worldwide
ConsenSys,https://consensys.net/,Worldwide
Consumer Financial Protection Bureau,https://www.consumerfinance.gov,USA
Continu,https://www.continu.co/,USA
Conversio,https://conversio.com/,Worldwide
Convert,https://www.convert.com,Worldwide
Codesh,https://codesh.com/,Brazil
Core-Apps,https://www.core-apps.com/,USA
CoreOS,https://coreos.com/,USA
Corgibytes,https://corgibytes.com,USA East Coast
Coursera,https://www.coursera.org/,"USA, Canada"
Crossover,https://www.crossover.com,Worldwide
Crowdstrike,https://www.crowdstrike.com,Worldwide
CrowdTangle,https://crowdtangle.com,USA
Cueup,https://cueup.io/,Worldwide
Customer.io,https://customer.io,Worldwide
Cuvette,https://cuvette.tech,Worldwide
CVS Health,https://jobs.cvshealth.com/,USA
CWT,https://www.mycwt.com/,Worldwide
Cyber Whale,https://cyberwhale.tech,Europe
Dalenys,https://dalenys.com/,Europe
DappRadar,https://dappradar.com/,Worldwide
DareCode,https://darecode.com,Europe
DashboardHub,https://dashboardhub.io,Worldwide
Dashlane,https://dashlane.com,Worldwide
Data Science Brigade,https://dsbrigade.com/,Worldwide
Data Science Dojo,https://datasciencedojo.com/,Worldwide
DataCamp,https://www.datacamp.com,Europe or comparable timezone
Datadog,https://www.datadoghq.com/,Worldwide
DataStax,https://www.datastax.com/,Worldwide
Datica,https://datica.com,USA
DealDash,http://www.dealdash.com,Worldwide
Delighted,https://delighted.com,Worldwide
Bonsai,https://www.hellobonsai.com,Worldwide
Bounteous,https://bounteous.com,Worldwide
Brainstorm Force,https://brainstormforce.com/,Worldwide
Brave Investments,https://www.crunchbase.com/organization/brave-investment,Brazil
Bright Funds,https://www.brightfunds.org,USA
Brikl,https://www.brikl.com/,"North America, Asia"
BriteCore,https://britecore.com/,"USA, Worldwide"
Broadwing,https://www.broadwing.io/,Worldwide
Buffer,https://buffer.com/,Worldwide
Bugfender,https://bugfender.com/,Worldwide
BuySellAds,https://www.buysellads.com/,Worldwide
Cabify,https://cabify.com/,Spain
Calamari,https://calamari.io/,Poland
Calibre,https://calibreapp.com/,Worldwide
CANCOM,https://www.cancom.com/,"Germany, Austria, Slovakia"
Canonical,https://www.canonical.com/,Worldwide
Capchase,https://www.capchase.com/,Worldwide
Capital One,https://www.capitalonecareers.com/tech,USA
Carbon Black,https://www.carbonblack.com/,USA
Cards Against Humanity,https://cardsagainsthumanity.com/,USA
CareCru,https://carecru.com,Worldwide
CareMessage,https://caremessage.org/careers/,Worldwide
CartoDB,https://cartodb.com/,Worldwide
CartStack,https://www.cartstack.com/,Worldwide
Casumo,https://www.casumo.com/,Europe
Celsius,https://celsius.network/,Worldwide
ChainLink Labs,https://chainlinklabs.com/,USA
Chargify,https://www.chargify.com,USA
charity: water,https://www.charitywater.org/,USA
Designcode,https://designcode.io/,Worldwide
Deskpass,https://www.deskpass.com,Worldwide
Dev Spotlight,https://www.devspotlight.com,Worldwide
DevSquad,https://devsquad.com,Worldwide
Dgraph,https://dgraph.io/,Americas
DigitalOcean,https://www.digitalocean.com/,Worldwide
Digitise,https://jobs.gohire.io/digitise-xwcfgqab/,Worldwide
Discord,https://discord.com/,USA
Discourse,https://www.discourse.org/,Worldwide
DNSimple,https://dnsimple.com,Worldwide
Docker,https://www.docker.com,USA
Doist,https://doist.com,Worldwide
Donut App,https://www.donut.app/,"USA, EU"
DroneDeploy,https://www.dronedeploy.com/,Worldwide
Dropbox,https://www.dropbox.com/,Worldwide
Drupal Jedi,https://drupaljedi.com/,Worldwide
DuckDuckGo,https://duckduckgo.com/,Worldwide
DynaPictures,https://dynapictures.com/,Worldwide
EarthOfDrones,https://earthofdrones.com/,Worldwide
EatStreet,https://eatstreet.com/,USA
EBSCO Information Services,https://www.ebsco.com,USA
Eco-Mind,https://eco-mind.eu/,Italy
Edgar,https://meet.edgar.com/,"USA, Canada"
Edgio,https://edg.io/,Worldwide
Edify,https://edify.cr/,Worldwide
efishery,https://efishery.com/,Indonesia
Elastic,https://www.elastic.co/,Worldwide
Emsisoft,https://www.emsisoft.com/,Worldwide
EngineYard (Support Team),https://www.engineyard.com/,Worldwide
Enjoei,https://www.enjoei.com.br/,Brazil
Enok,https://www.enok.co/,USA
Entrision,https://entrision.com/,USA
Envato,https://envato.com/,Worldwide
Envoy,https://envoy.com/,"USA, Canada, Colombia"
Epam,https://epam.com/,Worldwide
Epic Games,https://www.epicgames.com/site/en-US/careers,Worldwide
Epical,https://www.epilocal.com/,Worldwide
Episource,https://episource.com,USA
Equal Experts Portugal,https://equalexperts.com/contact-us/lisbon/,Europe
Ergeon,https://www.ergeon.com/,Worldwide
Estately,https://www.estately.com/,USA
Etch,https://etch.co,"UK, Europe"
Etsy,https://www.etsy.com/,Worldwide
EVELO,https://evelo.com,USA
Evil Martians,https://evilmartians.com/,Worldwide
Evrone,https://evrone.com/,Worldwide
ExportData,https://www.exportdata.io/,Worldwide
Eyeo (Adblock Plus),https://eyeo.com/,Worldwide
FactorialHR,https://www.factorialhr.com,Worldwide
Fairwinds,https://www.fairwinds.com,North America
Faithlife,https://www.faithlife.com/,"USA, Mexico"
Fastly,https://www.fastly.com/,Worldwide
FATMAP,https://about.fatmap.com/careers,Europe
Fauna,https://www.fauna.com/,Worldwide
Featurist,https://www.featurist.co.uk/,Worldwide
Fetlife,https://fetlife.com/,Worldwide
FFW Agency,https://ffwagency.com/,Worldwide
Filament Group,https://www.filamentgroup.com/,USA
Findify,https://findify.io,UTC+2 ↔ +2
